--liquibase formatted sql

-- changeset re1kur:1
INSERT INTO tasks(id, title, description, reward)
VALUES
    (1, 'Поделиться постом', 'Сделайте репост поста о прозрачности в соцсетях', 10),
    (2, 'Загрузить отчёт', 'Загрузите скан документа с доказательствами', 15),
    (3, 'Пройти опрос', 'Заполните короткий опрос о прозрачности', 5),
    (4, 'Посетить мероприятие', 'Примите участие в онлайн-встрече', 20),
    (5, 'Подписаться на рассылку', 'Подпишитесь на нашу ежемесячную рассылку', 3),
    (6, 'Пригласить друга', 'Пригласите друга зарегистрироваться', 25);

-- changeset re1kur:2
-- Попытки пользователя (user@mail.com)
INSERT INTO task_attempts(id, user_id, task_id, text_content, confirmed, moderator_id)
VALUES
    (1, '22222222-2222-2222-2222-222222222222', 1, 'Репост сделан в Telegram', true, '11111111-1111-1111-1111-111111111111'),
    (2, '22222222-2222-2222-2222-222222222222', 2, 'Загрузил PDF документ', true, '11111111-1111-1111-1111-111111111111'),
    (3, '22222222-2222-2222-2222-222222222222', 3, 'Опрос пройден', true, '11111111-1111-1111-1111-111111111111'),
    (4, '22222222-2222-2222-2222-222222222222', 4, 'Присутствовал, запись доступна', false, '11111111-1111-1111-1111-111111111111'),
    (5, '22222222-2222-2222-2222-222222222222', 5, 'Подписка оформлена', true, '11111111-1111-1111-1111-111111111111'),
    (6, '22222222-2222-2222-2222-222222222222', 6, 'Друг зарегистрировался по ссылке', false, '11111111-1111-1111-1111-111111111111');

-- changeset re1kur:3
-- Статусы заданий для пользователя
INSERT INTO users_tasks(user_id, task_id, last_attempt_id, status)
VALUES
    ('22222222-2222-2222-2222-222222222222', 1, 1, 'confirmed'),
    ('22222222-2222-2222-2222-222222222222', 2, 2, 'confirmed'),
    ('22222222-2222-2222-2222-222222222222', 3, 3, 'confirmed'),
    ('22222222-2222-2222-2222-222222222222', 4, 4, 'pending'),
    ('22222222-2222-2222-2222-222222222222', 5, 5, 'confirmed'),
    ('22222222-2222-2222-2222-222222222222', 6, 6, 'pending');
